﻿image_file,box1,box2,box3,box4,box5,box6
20190225_1.jpg,"{""label"":""Glenlivet 12"",""y"":355,""x"":44,""height"":204,""width"":159}",,,,,
20190225_2.jpg,"{""label"":""Glenlivet 12"",""y"":211,""x"":408,""height"":145,""width"":150}",,,,,
20190225_3.jpg,"{""label"":""Glenlivet 18"",""y"":230,""x"":17,""height"":167,""width"":208}","{""label"":""Glenlivet 18"",""y"":382,""x"":236,""height"":164,""width"":155}",,,,
20190225_4.jpg,"{""label"":""Glenlivet 18"",""y"":216,""x"":340,""height"":163,""width"":191}",,,,,
20190225_5.jpg,"{""label"":""Glenlivet 12"",""y"":155,""x"":337,""height"":189,""width"":140}",,,,,
20190225_6.jpg,"{""label"":""Glenlivet 12"",""y"":46,""x"":20,""height"":63,""width"":51}","{""label"":""Glenlivet 12"",""y"":119,""x"":73,""height"":50,""width"":46}","{""label"":""Glenlivet 15"",""y"":46,""x"":119,""height"":61,""width"":47}","{""label"":""Glenlivet 15"",""y"":123,""x"":170,""height"":45,""width"":47}","{""label"":""Glenlivet 18"",""y"":50,""x"":219,""height"":54,""width"":46}","{""label"":""Glenlivet 18"",""y"":125,""x"":269,""height"":36,""width"":46}"
20190225_7.jpg,"{""label"":""Glenlivet 18"",""y"":277,""x"":43,""height"":99,""width"":133}","{""label"":""Glenlivet 18"",""y"":59,""x"":183,""height"":120,""width"":163}","{""label"":""Glenlivet 18"",""y"":53,""x"":357,""height"":119,""width"":157}","{""label"":""Glenlivet 18"",""y"":260,""x"":535,""height"":114,""width"":118}",,
20190225_8.jpg,"{""label"":""Glenlivet 12"",""y"":438,""x"":251,""height"":133,""width"":144}",,,,,
20190225_9.jpg,"{""label"":""Glenlivet 12"",""y"":392,""x"":152,""height"":173,""width"":159}",,,,,
20190225_10.jpg,"{""label"":""Glenlivet 12"",""y"":48,""x"":59,""height"":119,""width"":88}","{""label"":""Glenlivet 12"",""y"":192,""x"":134,""height"":93,""width"":85}",,,,
20190225_11.jpg,"{""label"":""Glenlivet 12"",""y"":294,""x"":121,""height"":150,""width"":136}","{""label"":""Glenlivet 12"",""y"":187,""x"":275,""height"":109,""width"":163}",,,,
20190225_12.jpg,"{""label"":""Glenlivet 12"",""y"":266,""x"":69,""height"":78,""width"":87}","{""label"":""Glenlivet 12"",""y"":128,""x"":145,""height"":79,""width"":95}",,,,
20190225_13.jpg,"{""label"":""Glenlivet 12"",""y"":9,""x"":230,""height"":199,""width"":230}","{""label"":""Glenlivet 12"",""y"":150,""x"":151,""height"":71,""width"":84}",,,,
20190225_14.jpg,"{""label"":""Glenlivet 12"",""y"":239,""x"":141,""height"":130,""width"":117}",,,,,
20190225_15.jpg,"{""label"":""Glenlivet 15"",""y"":230,""x"":4,""height"":97,""width"":110}","{""label"":""Glenlivet 15"",""y"":52,""x"":137,""height"":101,""width"":121}",,,,
20190225_16.jpg,"{""label"":""Glenlivet 15"",""y"":117,""x"":1,""height"":201,""width"":233}","{""label"":""Glenlivet 15"",""y"":439,""x"":241,""height"":211,""width"":221}",,,,
20190225_17.jpg,"{""label"":""Glenlivet 12"",""y"":185,""x"":1,""height"":360,""width"":401}","{""label"":""Glenlivet 12"",""y"":759,""x"":410,""height"":345,""width"":381}",,,,
20190225_18.jpg,"{""label"":""Glenlivet 12"",""y"":181,""x"":280,""height"":86,""width"":75}","{""label"":""Glenlivet 12"",""y"":137,""x"":171,""height"":72,""width"":93}",,,,
20190225_19.jpg,"{""label"":""Glenlivet 12"",""y"":147,""x"":217,""height"":87,""width"":95}",,,,,
20190225_20.jpg,"{""label"":""Glenlivet 12"",""y"":56,""x"":0,""height"":107,""width"":118}","{""label"":""Glenlivet 12"",""y"":229,""x"":124,""height"":103,""width"":111}",,,,
20190225_21.jpg,"{""label"":""Glenlivet 12"",""y"":369,""x"":248,""height"":161,""width"":176}",,,,,
20190225_22.jpeg,"{""label"":""Glenlivet 15"",""y"":150,""x"":114,""height"":64,""width"":75}",,,,,
20190225_23.jpg,"{""label"":""Glenlivet 15"",""y"":158,""x"":7,""height"":268,""width"":318}","{""label"":""Glenlivet 15"",""y"":659,""x"":209,""height"":297,""width"":318}",,,,
20190225_24.jpg,"{""label"":""Glenlivet 18"",""y"":136,""x"":5,""height"":294,""width"":387}","{""label"":""Glenlivet 18"",""y"":635,""x"":293,""height"":266,""width"":317}",,,,
20190225_25.jpg,"{""label"":""Glenlivet 15"",""y"":407,""x"":401,""height"":178,""width"":196}","{""label"":""Glenlivet 15"",""y"":131,""x"":260,""height"":168,""width"":201}",,,,
20190225_26.jpg,"{""label"":""Glenlivet 18"",""y"":497,""x"":142,""height"":199,""width"":223}",,,,,
20190225_27.jpg,"{""label"":""Glenlivet 12"",""y"":396,""x"":35,""height"":217,""width"":198}",,,,,
20190225_28.jpeg,"{""label"":""Glenlivet 15"",""y"":320,""x"":201,""height"":138,""width"":156}",,,,,
20190225_29.jpeg,"{""label"":""Glenlivet 18"",""y"":312,""x"":192,""height"":125,""width"":165}",,,,,
20190225_30.jpeg,"{""label"":""Glenlivet 12"",""y"":318,""x"":200,""height"":126,""width"":153}",,,,,
20190225_31.jpg,"{""label"":""Glenlivet 12"",""y"":328,""x"":182,""height"":237,""width"":211}",,,,,
20190225_32.jpeg,"{""label"":""Glenlivet 12"",""y"":478,""x"":238,""height"":67,""width"":82}",,,,,
20190225_33.jpeg,"{""label"":""Glenlivet 18"",""y"":308,""x"":322,""height"":128,""width"":170}","{""label"":""Glenlivet 18"",""y"":88,""x"":202,""height"":147,""width"":170}",,,,
20190225_34.jpg,"{""label"":""Glenlivet 12"",""y"":348,""x"":22,""height"":107,""width"":194}","{""label"":""Glenlivet 12"",""y"":396,""x"":210,""height"":204,""width"":167}",,,,
20190225_35.jpg,"{""label"":""Glenlivet 12"",""y"":72,""x"":126,""height"":91,""width"":94}","{""label"":""Glenlivet 12"",""y"":217,""x"":180,""height"":86,""width"":99}",,,,
20190225_36.jpg,"{""label"":""Glenlivet 12"",""y"":205,""x"":49,""height"":110,""width"":103}","{""label"":""Glenlivet 12"",""y"":49,""x"":112,""height"":122,""width"":82}",,,,
20190225_37.jpg,"{""label"":""Glenlivet 12"",""y"":306,""x"":814,""height"":160,""width"":183}",,,,,
20190225_38.jpg,"{""label"":""Glenlivet 15"",""y"":101,""x"":177,""height"":142,""width"":177}","{""label"":""Glenlivet 15"",""y"":360,""x"":26,""height"":152,""width"":188}",,,,
20190225_39.jpg,"{""label"":""Glenlivet 12"",""y"":462,""x"":96,""height"":148,""width"":222}",,,,,
20190225_40.jpg,"{""label"":""Glenlivet 15"",""y"":405,""x"":90,""height"":206,""width"":225}",,,,,
20190225_41.JPG,"{""label"":""Glenlivet 12"",""y"":412,""x"":143,""height"":216,""width"":213}",,,,,
20190225_42.jpg,"{""label"":""Glenlivet 12"",""y"":562,""x"":378,""height"":211,""width"":236}","{""label"":""Glenlivet 12"",""y"":336,""x"":64,""height"":153,""width"":246}",,,,
20190225_43.jpg,"{""label"":""Glenlivet 15"",""y"":395,""x"":98,""height"":185,""width"":208}",,,,,
20190225_44.jpg,"{""label"":""Glenlivet 18"",""y"":359,""x"":146,""height"":184,""width"":204}",,,,,
20190225_45.jpg,"{""label"":""Glenlivet 12"",""y"":244,""x"":0,""height"":121,""width"":130}",,,,,
20190225_46.jpg,"{""label"":""Glenlivet 18"",""y"":505,""x"":7,""height"":175,""width"":189}","{""label"":""Glenlivet 18"",""y"":495,""x"":249,""height"":159,""width"":181}",,,,
20190225_47.jpg,"{""label"":""Glenlivet 12"",""y"":577,""x"":142,""height"":332,""width"":320}",,,,,
20190225_48.jpg,"{""label"":""Glenlivet 12"",""y"":505,""x"":91,""height"":208,""width"":219}","{""label"":""Glenlivet 12"",""y"":156,""x"":316,""height"":212,""width"":239}",,,,
20190225_49.jpg,"{""label"":""Glenlivet 12"",""y"":376,""x"":22,""height"":253,""width"":307}","{""label"":""Glenlivet 12"",""y"":599,""x"":366,""height"":312,""width"":287}",,,,
20190225_50.jpg,"{""label"":""Glenlivet 15"",""y"":209,""x"":4,""height"":107,""width"":115}",,,,,
20190225_51.jpg,"{""label"":""Glenlivet 12"",""y"":262,""x"":40,""height"":129,""width"":148}",,,,,
20190225_52.jpg,"{""label"":""Glenlivet 12"",""y"":143,""x"":63,""height"":102,""width"":82}",,,,,
20190225_53.jpg,"{""label"":""Glenlivet 12"",""y"":152,""x"":61,""height"":95,""width"":73}",,,,,
20190225_54.jpg,"{""label"":""Glenlivet 12"",""y"":347,""x"":160,""height"":217,""width"":180}",,,,,
20190225_55.jpg,"{""label"":""Glenlivet 15"",""y"":328,""x"":166,""height"":144,""width"":160}","{""label"":""Glenlivet 15"",""y"":84,""x"":299,""height"":149,""width"":174}",,,,
20190225_56.png,"{""label"":""Glenlivet 18"",""y"":293,""x"":70,""height"":127,""width"":168}",,,,,
20190225_57.jpg,"{""label"":""Glenlivet 12"",""y"":214,""x"":133,""height"":167,""width"":173}","{""label"":""Glenlivet 12"",""y"":473,""x"":230,""height"":201,""width"":222}",,,,
20190225_58.jpg,"{""label"":""Glenlivet 18"",""y"":145,""x"":160,""height"":132,""width"":124}","{""label"":""Glenlivet 18"",""y"":345,""x"":306,""height"":93,""width"":110}",,,,
20190225_59.jpg,"{""label"":""Glenlivet 12"",""y"":243,""x"":138,""height"":91,""width"":148}","{""label"":""Glenlivet 12"",""y"":360,""x"":299,""height"":79,""width"":129}",,,,
20190225_60.jpg,"{""label"":""Glenlivet 18"",""y"":151,""x"":14,""height"":121,""width"":160}","{""label"":""Glenlivet 18"",""y"":343,""x"":176,""height"":95,""width"":123}","{""label"":""Glenlivet 15"",""y"":154,""x"":299,""height"":114,""width"":143}","{""label"":""Glenlivet 15"",""y"":333,""x"":440,""height"":116,""width"":114}",,
20190225_61.jpg,"{""label"":""Glenlivet 12"",""y"":332,""x"":298,""height"":162,""width"":142}",,,,,
20190225_62.jpg,"{""label"":""Glenlivet 12"",""y"":215,""x"":151,""height"":117,""width"":131}","{""label"":""Glenlivet 12"",""y"":300,""x"":293,""height"":136,""width"":119}",,,,
20190225_63.jpg,"{""label"":""Glenlivet 18"",""y"":214,""x"":155,""height"":137,""width"":143}","{""label"":""Glenlivet 18"",""y"":340,""x"":292,""height"":140,""width"":131}",,,,
20190225_64.jpg,"{""label"":""Glenlivet 12"",""y"":125,""x"":141,""height"":121,""width"":143}","{""label"":""Glenlivet 12"",""y"":314,""x"":287,""height"":118,""width"":132}",,,,
20190225_65.JPG,"{""label"":""Glenlivet 12"",""y"":213,""x"":139,""height"":95,""width"":138}","{""label"":""Glenlivet 12"",""y"":285,""x"":285,""height"":157,""width"":128}",,,,
20190225_66.JPG,"{""label"":""Glenlivet 12"",""y"":136,""x"":148,""height"":106,""width"":142}","{""label"":""Glenlivet 12"",""y"":290,""x"":302,""height"":171,""width"":126}",,,,
20190225_67.JPG,"{""label"":""Glenlivet 15"",""y"":111,""x"":147,""height"":180,""width"":145}","{""label"":""Glenlivet 15"",""y"":324,""x"":296,""height"":120,""width"":112}",,,,
20190225_68.JPG,"{""label"":""Glenlivet 12"",""y"":222,""x"":148,""height"":118,""width"":147}","{""label"":""Glenlivet 12"",""y"":306,""x"":292,""height"":131,""width"":134}",,,,
20190225_69.JPG,"{""label"":""Glenlivet 18"",""y"":111,""x"":148,""height"":125,""width"":147}","{""label"":""Glenlivet 18"",""y"":294,""x"":298,""height"":108,""width"":124}",,,,
20190225_70.JPG,"{""label"":""Glenlivet 12"",""y"":132,""x"":143,""height"":128,""width"":150}","{""label"":""Glenlivet 12"",""y"":315,""x"":303,""height"":114,""width"":124}",,,,
20190225_71.JPG,"{""label"":""Glenlivet 15"",""y"":138,""x"":106,""height"":162,""width"":133}","{""label"":""Glenlivet 15"",""y"":324,""x"":238,""height"":127,""width"":121}",,,,
20190225_72.JPG,"{""label"":""Glenlivet 15"",""y"":124,""x"":147,""height"":120,""width"":143}","{""label"":""Glenlivet 15"",""y"":308,""x"":301,""height"":127,""width"":125}",,,,
20190225_73.JPG,"{""label"":""Glenlivet 18"",""y"":100,""x"":131,""height"":119,""width"":157}","{""label"":""Glenlivet 18"",""y"":285,""x"":300,""height"":119,""width"":143}",,,,
20190225_74.png,"{""label"":""Glenlivet 15"",""y"":318,""x"":72,""height"":129,""width"":157}",,,,,
20190225_75.png,"{""label"":""Glenlivet 12"",""y"":309,""x"":67,""height"":134,""width"":159}",,,,,
20190225_76.png,"{""label"":""Glenlivet 12"",""y"":317,""x"":69,""height"":173,""width"":163}",,,,,
20190225_77.jpg,"{""label"":""Glenlivet 12"",""y"":475,""x"":110,""height"":210,""width"":194}","{""label"":""Glenlivet 12"",""y"":345,""x"":334,""height"":170,""width"":222}",,,,
20190225_78.jpg,"{""label"":""Glenlivet 15"",""y"":704,""x"":3,""height"":355,""width"":380}",,,,,
20190225_79.jpg,"{""label"":""Glenlivet 15"",""y"":923,""x"":203,""height"":518,""width"":734}","{""label"":""Glenlivet 15"",""y"":728,""x"":890,""height"":667,""width"":791}",,,,
20190225_80.jpg,"{""label"":""Glenlivet 18"",""y"":698,""x"":553,""height"":356,""width"":421}",,,,,
20190225_81.jpg,"{""label"":""Glenlivet 12"",""y"":1686,""x"":1522,""height"":674,""width"":759}",,,,,
20190225_82.png,"{""label"":""Glenlivet 12"",""y"":702,""x"":382,""height"":340,""width"":350}","{""label"":""Glenlivet 12"",""y"":259,""x"":232,""height"":277,""width"":300}",,,,
20190225_83.png,"{""label"":""Glenlivet 18"",""y"":531,""x"":238,""height"":271,""width"":314}",,,,,
20190225_84.jpg,"{""label"":""Glenlivet 12"",""y"":40,""x"":66,""height"":383,""width"":466}",,,,,
20190225_85.png,"{""label"":""Glenlivet 12"",""y"":58,""x"":46,""height"":162,""width"":148}","{""label"":""Glenlivet 12"",""y"":245,""x"":190,""height"":144,""width"":127}",,,,
20190225_86.jpg,"{""label"":""Glenlivet 12"",""y"":232,""x"":305,""height"":85,""width"":108}",,,,,
20190225_87.jpg,"{""label"":""Glenlivet 18"",""y"":73,""x"":22,""height"":148,""width"":199}","{""label"":""Glenlivet 18"",""y"":320,""x"":215,""height"":139,""width"":147}",,,,
20190225_88.jpg,"{""label"":""Glenlivet 12"",""y"":80,""x"":26,""height"":152,""width"":193}","{""label"":""Glenlivet 12"",""y"":326,""x"":197,""height"":140,""width"":155}",,,,
20190225_89.jpg,"{""label"":""Glenlivet 12"",""y"":196,""x"":47,""height"":108,""width"":188}","{""label"":""Glenlivet 12"",""y"":333,""x"":257,""height"":177,""width"":147}",,,,
20190225_90.jpg,"{""label"":""Glenlivet 18"",""y"":422,""x"":54,""height"":143,""width"":176}","{""label"":""Glenlivet 18"",""y"":139,""x"":235,""height"":161,""width"":234}",,,,
20190225_91.jpg,"{""label"":""Glenlivet 18"",""y"":490,""x"":722,""height"":858,""width"":1035}","{""label"":""Glenlivet 18"",""y"":1989,""x"":1404,""height"":771,""width"":988}",,,,
20190225_92.jpg,"{""label"":""Glenlivet 12"",""y"":251,""x"":43,""height"":80,""width"":79}",,,,,
20190225_93.jpeg,"{""label"":""Glenlivet 12"",""y"":316,""x"":15,""height"":129,""width"":126}","{""label"":""Glenlivet 18"",""y"":478,""x"":140,""height"":63,""width"":65}","{""label"":""Glenlivet 15"",""y"":481,""x"":200,""height"":64,""width"":70}",,,
20190225_94.jpeg,"{""label"":""Glenlivet 15"",""y"":617,""x"":326,""height"":279,""width"":302}",,,,,
20190225_95.jpg,"{""label"":""Glenlivet 12"",""y"":134,""x"":253,""height"":321,""width"":259}","{""label"":""Glenlivet 12"",""y"":553,""x"":56,""height"":252,""width"":259}",,,,
20190225_96.jpg,"{""label"":""Glenlivet 15"",""y"":125,""x"":224,""height"":304,""width"":245}","{""label"":""Glenlivet 15"",""y"":533,""x"":35,""height"":267,""width"":255}",,,,
20190225_97.jpg,"{""label"":""Glenlivet 18"",""y"":486,""x"":80,""height"":202,""width"":214}","{""label"":""Glenlivet 18"",""y"":134,""x"":236,""height"":218,""width"":246}",,,,
20190225_98.jpg,"{""label"":""Glenlivet 12"",""y"":1573,""x"":685,""height"":1429,""width"":1047}","{""label"":""Glenlivet 12"",""y"":900,""x"":2011,""height"":673,""width"":938}",,,,
20190225_99.jpg,"{""label"":""Glenlivet 12"",""y"":1131,""x"":154,""height"":431,""width"":497}","{""label"":""Glenlivet 12"",""y"":344,""x"":561,""height"":460,""width"":535}",,,,
20190225_100.jpg,"{""label"":""Glenlivet 12"",""y"":407,""x"":137,""height"":180,""width"":201}",,,,,
20190225_101.jpg,"{""label"":""Glenlivet 15"",""y"":307,""x"":65,""height"":111,""width"":141}","{""label"":""Glenlivet 18"",""y"":294,""x"":211,""height"":123,""width"":136}",,,,
20190225_102.jpg,"{""label"":""Glenlivet 12"",""y"":761,""x"":382,""height"":428,""width"":436}",,,,,
20190225_103.jpg,"{""label"":""Glenlivet 18"",""y"":110,""x"":257,""height"":230,""width"":257}",,,,,
20190225_104.jpg,"{""label"":""Glenlivet 18"",""y"":95,""x"":211,""height"":181,""width"":219}","{""label"":""Glenlivet 18"",""y"":364,""x"":401,""height"":173,""width"":179}",,,,
20190225_105.jpg,"{""label"":""Glenlivet 18"",""y"":527,""x"":95,""height"":259,""width"":224}","{""label"":""Glenlivet 18"",""y"":316,""x"":285,""height"":224,""width"":285}",,,,
20190225_106.jpg,"{""label"":""Glenlivet 15"",""y"":546,""x"":303,""height"":265,""width"":250}","{""label"":""Glenlivet 15"",""y"":133,""x"":444,""height"":320,""width"":269}",,,,
20190225_107.jpeg,"{""label"":""Glenlivet 15"",""y"":973,""x"":416,""height"":463,""width"":533}",,,,,
20190225_108.jpeg,"{""label"":""Glenlivet 15"",""y"":1032,""x"":453,""height"":463,""width"":490}",,,,,
20190225_109.jpg,"{""label"":""Glenlivet 12"",""y"":363,""x"":443,""height"":161,""width"":154}",,,,,
20190225_110.jpg,"{""label"":""Glenlivet 12"",""y"":589,""x"":223,""height"":267,""width"":305}",,,,,
20190225_111.png,"{""label"":""Glenlivet 12"",""y"":390,""x"":0,""height"":188,""width"":210}",,,,,
20190225_112.jpg,"{""label"":""Glenlivet 12"",""y"":43,""x"":1,""height"":538,""width"":575}",,,,,
20190225_113.JPG,"{""label"":""Glenlivet 12"",""y"":573,""x"":311,""height"":316,""width"":337}",,,,,
20190225_114.jpg,"{""label"":""Glenlivet 12"",""y"":390,""x"":149,""height"":164,""width"":151}","{""label"":""Glenlivet 12"",""y"":391,""x"":313,""height"":161,""width"":149}",,,,
20190225_115.jpg,"{""label"":""Glenlivet 12"",""y"":548,""x"":169,""height"":199,""width"":243}",,,,,
20190225_116.jpg,"{""label"":""Glenlivet 12"",""y"":548,""x"":149,""height"":296,""width"":263}","{""label"":""Glenlivet 12"",""y"":194,""x"":354,""height"":136,""width"":208}",,,,
20190225_117.jpg,"{""label"":""Glenlivet 12"",""y"":102,""x"":425,""height"":140,""width"":154}",,,,,
20190225_118.jpg,"{""label"":""Glenlivet 12"",""y"":247,""x"":58,""height"":111,""width"":133}",,,,,
20190225_119.jpg,"{""label"":""Glenlivet 12"",""y"":390,""x"":311,""height"":169,""width"":174}",,,,,
20190225_120.jpg,"{""label"":""Glenlivet 12"",""y"":256,""x"":223,""height"":116,""width"":126}",,,,,
20190225_121.jpg,"{""label"":""Glenlivet 12"",""y"":275,""x"":184,""height"":157,""width"":150}",,,,,
20190225_122.jpg,"{""label"":""Glenlivet 12"",""y"":184,""x"":190,""height"":98,""width"":93}","{""label"":""Glenlivet 12"",""y"":58,""x"":130,""height"":116,""width"":89}",,,,
20190225_123.JPG,"{""label"":""Glenlivet 15"",""y"":687,""x"":361,""height"":257,""width"":298}",,,,,
20190225_124.jpg,"{""label"":""Glenlivet 15"",""y"":302,""x"":143,""height"":123,""width"":137}","{""label"":""Glenlivet 15"",""y"":116,""x"":250,""height"":111,""width"":124}",,,,
20190225_125.jpg,"{""label"":""Glenlivet 15"",""y"":659,""x"":573,""height"":200,""width"":212}","{""label"":""Glenlivet 15"",""y"":648,""x"":163,""height"":171,""width"":198}",,,,
20190225_126.jpg,"{""label"":""Glenlivet 15"",""y"":16,""x"":139,""height"":653,""width"":764}",,,,,
20190225_127.png,"{""label"":""Glenlivet 12"",""y"":639,""x"":201,""height"":235,""width"":253}",,,,,
20190225_128.jpg,"{""label"":""Glenlivet 15"",""y"":290,""x"":2,""height"":141,""width"":161}",,,,,
20190225_129.JPG,"{""label"":""Glenlivet 18"",""y"":702,""x"":408,""height"":249,""width"":304}","{""label"":""Glenlivet 18"",""y"":269,""x"":292,""height"":271,""width"":260}",,,,
20190225_130.jpg,"{""label"":""Glenlivet 18"",""y"":70,""x"":25,""height"":487,""width"":549}","{""label"":""Glenlivet 18"",""y"":376,""x"":604,""height"":390,""width"":357}",,,,
20190225_131.jpg,"{""label"":""Glenlivet 18"",""y"":291,""x"":170,""height"":130,""width"":135}",,,,,
20190225_132.jpg,"{""label"":""Glenlivet 18"",""y"":123,""x"":221,""height"":281,""width"":313}","{""label"":""Glenlivet 18"",""y"":518,""x"":448,""height"":236,""width"":295}",,,,
20190225_133.jpg,"{""label"":""Glenlivet 18"",""y"":494,""x"":256,""height"":221,""width"":280}","{""label"":""Glenlivet 18"",""y"":115,""x"":413,""height"":241,""width"":272}",,,,
20190225_134.jpg,"{""label"":""Glenlivet 18"",""y"":393,""x"":212,""height"":173,""width"":216}",,,,,
20190225_135.jpg,"{""label"":""Glenlivet 12"",""y"":142,""x"":157,""height"":80,""width"":73}","{""label"":""Glenlivet 12"",""y"":102,""x"":95,""height"":47,""width"":73}",,,,
20190225_136.jpg,"{""label"":""Glenlivet 12"",""y"":63,""x"":130,""height"":193,""width"":154}","{""label"":""Glenlivet 12"",""y"":280,""x"":240,""height"":175,""width"":154}",,,,
20190225_137.jpg,"{""label"":""Glenlivet 12"",""y"":194,""x"":350,""height"":221,""width"":194}",,,,,
20190225_138.jpg,"{""label"":""Glenlivet 12"",""y"":155,""x"":439,""height"":174,""width"":187}",,,,,
20190225_139.jpg,"{""label"":""Glenlivet 12"",""y"":214,""x"":104,""height"":138,""width"":142}",,,,,
20190225_140.jpg,"{""label"":""Glenlivet 12"",""y"":1076,""x"":241,""height"":344,""width"":401}","{""label"":""Glenlivet 12"",""y"":436,""x"":650,""height"":365,""width"":437}",,,,
20190225_141.jpg,"{""label"":""Glenlivet 12"",""y"":8,""x"":41,""height"":240,""width"":276}",,,,,
20190225_142.jpg,"{""label"":""Glenlivet 12"",""y"":19,""x"":1,""height"":183,""width"":183}",,,,,
20190225_143.jpg,"{""label"":""Glenlivet 12"",""y"":184,""x"":162,""height"":74,""width"":80}","{""label"":""Glenlivet 12"",""y"":58,""x"":115,""height"":78,""width"":80}",,,,
20190225_144.jpg,"{""label"":""Glenlivet 12"",""y"":189,""x"":90,""height"":72,""width"":84}",,,,,
20190225_145.jpg,"{""label"":""Glenlivet 12"",""y"":3,""x"":208,""height"":247,""width"":242}",,,,,
20190225_146.jpg,"{""label"":""Glenlivet 12"",""y"":147,""x"":264,""height"":283,""width"":232}",,,,,
20190225_147.jpg,"{""label"":""Glenlivet 12"",""y"":59,""x"":49,""height"":106,""width"":109}","{""label"":""Glenlivet 12"",""y"":214,""x"":143,""height"":111,""width"":110}",,,,
20190225_148.jpg,"{""label"":""Glenlivet 12"",""y"":250,""x"":262,""height"":124,""width"":107}","{""label"":""Glenlivet 12"",""y"":393,""x"":373,""height"":117,""width"":107}",,,,
20190225_149.jpg,"{""label"":""Glenlivet 12"",""y"":422,""x"":156,""height"":141,""width"":193}",,,,,
20190225_150.jpg,"{""label"":""Glenlivet 12"",""y"":787,""x"":11,""height"":379,""width"":419}","{""label"":""Glenlivet 12"",""y"":200,""x"":416,""height"":380,""width"":458}",,,,
20190225_151.jpg,"{""label"":""Glenlivet 12"",""y"":460,""x"":346,""height"":325,""width"":305}",,,,,
20190225_152.jpg,"{""label"":""Glenlivet 12"",""y"":335,""x"":272,""height"":186,""width"":249}","{""label"":""Glenlivet 12"",""y"":499,""x"":496,""height"":252,""width"":228}",,,,
20190225_153.jpg,"{""label"":""Glenlivet 12"",""y"":369,""x"":331,""height"":202,""width"":207}","{""label"":""Glenlivet 12"",""y"":518,""x"":525,""height"":284,""width"":259}",,,,
20190225_154.jpg,"{""label"":""Glenlivet 12"",""y"":1860,""x"":1553,""height"":990,""width"":914}",,,,,
20190225_155.jpg,"{""label"":""Glenlivet 12"",""y"":236,""x"":129,""height"":132,""width"":144}","{""label"":""Glenlivet 12"",""y"":104,""x"":413,""height"":201,""width"":219}",,,,
20190225_156.jpg,"{""label"":""Glenlivet 12"",""y"":188,""x"":148,""height"":370,""width"":434}","{""label"":""Glenlivet 12"",""y"":805,""x"":515,""height"":386,""width"":438}",,,,
20190225_157.jpg,"{""label"":""Glenlivet 12"",""y"":2067,""x"":896,""height"":1078,""width"":1139}",,,,,
20190225_158.jpg,"{""label"":""Glenlivet 12"",""y"":76,""x"":60,""height"":51,""width"":53}","{""label"":""Glenlivet 12"",""y"":136,""x"":108,""height"":57,""width"":50}",,,,
20190225_159.jpg,"{""label"":""Glenlivet 12"",""y"":481,""x"":668,""height"":211,""width"":247}",,,,,
20190225_160.jpg,"{""label"":""Glenlivet 12"",""y"":920,""x"":752,""height"":291,""width"":326}",,,,,
20190225_161.jpg,"{""label"":""Glenlivet 12"",""y"":603,""x"":606,""height"":395,""width"":302}","{""label"":""Glenlivet 12"",""y"":416,""x"":290,""height"":172,""width"":239}",,,,
20190225_162.jpg,"{""label"":""Glenlivet 12"",""y"":493,""x"":401,""height"":259,""width"":203}",,,,,
20190225_163.jpg,"{""label"":""Glenlivet 12"",""y"":241,""x"":114,""height"":96,""width"":99}",,,,,
20190225_164.jpg,"{""label"":""Glenlivet 12"",""y"":516,""x"":539,""height"":207,""width"":211}","{""label"":""Glenlivet 12"",""y"":139,""x"":313,""height"":234,""width"":254}",,,,
20190225_165.jpg,"{""label"":""Glenlivet 12"",""y"":12,""x"":67,""height"":120,""width"":144}","{""label"":""Glenlivet 12"",""y"":104,""x"":5,""height"":49,""width"":62}",,,,
20190225_166.jpg,"{""label"":""Glenlivet 12"",""y"":91,""x"":73,""height"":75,""width"":78}",,,,,
20190225_167.jpg,"{""label"":""Glenlivet 12"",""y"":1554,""x"":1453,""height"":586,""width"":552}",,,,,
20190225_168.jpg,"{""label"":""Glenlivet 12"",""y"":428,""x"":164,""height"":232,""width"":221}","{""label"":""Glenlivet 12"",""y"":298,""x"":376,""height"":179,""width"":232}",,,,
20190225_169.jpg,"{""label"":""Glenlivet 12"",""y"":219,""x"":66,""height"":92,""width"":91}",,,,,
20190225_170.jpg,"{""label"":""Glenlivet 12"",""y"":879,""x"":10,""height"":340,""width"":418}","{""label"":""Glenlivet 12"",""y"":205,""x"":390,""height"":391,""width"":437}",,,,
20190225_171.jpg,"{""label"":""Glenlivet 12"",""y"":390,""x"":385,""height"":208,""width"":170}","{""label"":""Glenlivet 12"",""y"":293,""x"":234,""height"":99,""width"":189}",,,,
20190225_172.jpg,"{""label"":""Glenlivet 12"",""y"":684,""x"":6,""height"":290,""width"":327}",,,,,
20190225_173.jpg,"{""label"":""Glenlivet 12"",""y"":62,""x"":64,""height"":155,""width"":166}","{""label"":""Glenlivet 12"",""y"":302,""x"":200,""height"":139,""width"":160}",,,,
20190225_174.jpg,"{""label"":""Glenlivet 12"",""y"":568,""x"":389,""height"":311,""width"":277}","{""label"":""Glenlivet 12"",""y"":403,""x"":117,""height"":210,""width"":298}",,,,
20190225_175.jpg,"{""label"":""Glenlivet 12"",""y"":403,""x"":74,""height"":167,""width"":208}","{""label"":""Glenlivet 12"",""y"":101,""x"":305,""height"":185,""width"":226}",,,,
20190225_176.jpg,"{""label"":""Glenlivet 12"",""y"":411,""x"":99,""height"":232,""width"":301}","{""label"":""Glenlivet 12"",""y"":573,""x"":393,""height"":243,""width"":267}",,,,
20190225_177.jpg,"{""label"":""Glenlivet 12"",""y"":159,""x"":91,""height"":410,""width"":329}","{""label"":""Glenlivet 12"",""y"":606,""x"":401,""height"":352,""width"":302}",,,,
20190225_178.jpg,"{""label"":""Glenlivet 12"",""y"":178,""x"":137,""height"":257,""width"":309}","{""label"":""Glenlivet 12"",""y"":602,""x"":405,""height"":284,""width"":292}",,,,
20190225_179.jpeg,"{""label"":""Glenlivet 12"",""y"":69,""x"":32,""height"":87,""width"":100}","{""label"":""Glenlivet 12"",""y"":208,""x"":134,""height"":84,""width"":94}",,,,
20190225_180.jpg,"{""label"":""Glenlivet 12"",""y"":63,""x"":45,""height"":181,""width"":137}","{""label"":""Glenlivet 12"",""y"":282,""x"":162,""height"":162,""width"":149}",,,,
20190225_181.jpg,"{""label"":""Glenlivet 12"",""y"":1044,""x"":398,""height"":502,""width"":435}",,,,,
20190225_182.jpg,"{""label"":""Glenlivet 12"",""y"":107,""x"":203,""height"":258,""width"":291}","{""label"":""Glenlivet 12"",""y"":516,""x"":508,""height"":246,""width"":255}",,,,
20190225_183.jpg,"{""label"":""Glenlivet 12"",""y"":583,""x"":231,""height"":268,""width"":316}",,,,,
20190225_184.jpg,"{""label"":""Glenlivet 12"",""y"":2004,""x"":57,""height"":1382,""width"":1498}",,,,,
20190225_185.jpg,"{""label"":""Glenlivet 12"",""y"":198,""x"":314,""height"":411,""width"":415}","{""label"":""Glenlivet 12"",""y"":724,""x"":735,""height"":413,""width"":450}",,,,
20190225_186.jpg,"{""label"":""Glenlivet 15"",""y"":224,""x"":23,""height"":161,""width"":163}",,,,,
20190225_187.png,"{""label"":""Glenlivet 15"",""y"":115,""x"":291,""height"":244,""width"":258}","{""label"":""Glenlivet 15"",""y"":495,""x"":477,""height"":261,""width"":272}",,,,
20190225_188.jpg,"{""label"":""Glenlivet 15"",""y"":448,""x"":335,""height"":312,""width"":342}",,,,,
20190225_189.jpg,"{""label"":""Glenlivet 15"",""y"":134,""x"":302,""height"":248,""width"":262}","{""label"":""Glenlivet 15"",""y"":495,""x"":516,""height"":224,""width"":246}",,,,
20190225_190.jpg,"{""label"":""Glenlivet 15"",""y"":19,""x"":71,""height"":123,""width"":140}","{""label"":""Glenlivet 15"",""y"":103,""x"":4,""height"":57,""width"":63}",,,,
20190225_191.jpg,"{""label"":""Glenlivet 15"",""y"":303,""x"":303,""height"":290,""width"":313}","{""label"":""Glenlivet 15"",""y"":778,""x"":457,""height"":384,""width"":424}",,,,
20190225_192.jpg,"{""label"":""Glenlivet 15"",""y"":791,""x"":246,""height"":218,""width"":224}","{""label"":""Glenlivet 15"",""y"":904,""x"":752,""height"":306,""width"":312}",,,,
20190225_193.jpg,"{""label"":""Glenlivet 15"",""y"":741,""x"":6,""height"":303,""width"":336}","{""label"":""Glenlivet 15"",""y"":793,""x"":368,""height"":277,""width"":238}",,,,
20190225_194.jpg,"{""label"":""Glenlivet 15"",""y"":507,""x"":239,""height"":212,""width"":251}","{""label"":""Glenlivet 15"",""y"":128,""x"":473,""height"":216,""width"":267}",,,,
20190225_195.jpg,"{""label"":""Glenlivet 15"",""y"":135,""x"":55,""height"":236,""width"":256}","{""label"":""Glenlivet 15"",""y"":348,""x"":392,""height"":305,""width"":234}",,,,
20190225_196.jpg,"{""label"":""Glenlivet 15"",""y"":94,""x"":91,""height"":148,""width"":181}","{""label"":""Glenlivet 15"",""y"":343,""x"":243,""height"":152,""width"":172}",,,,
20190225_197.jpg,"{""label"":""Glenlivet 15"",""y"":575,""x"":242,""height"":270,""width"":294}",,,,,
20190225_198.jpg,"{""label"":""Glenlivet 15"",""y"":162,""x"":223,""height"":399,""width"":417}","{""label"":""Glenlivet 15"",""y"":737,""x"":676,""height"":354,""width"":394}",,,,
20190225_199.png,"{""label"":""Glenlivet 15"",""y"":729,""x"":499,""height"":296,""width"":301}","{""label"":""Glenlivet 15"",""y"":282,""x"":723,""height"":282,""width"":365}",,,,
20190225_200.jpg,"{""label"":""Glenlivet 15"",""y"":381,""x"":271,""height"":180,""width"":203}",,,,,
20190225_201.jpg,"{""label"":""Glenlivet 15"",""y"":64,""x"":41,""height"":153,""width"":177}","{""label"":""Glenlivet 15"",""y"":302,""x"":194,""height"":138,""width"":149}",,,,
20190225_202.jpg,"{""label"":""Glenlivet 15"",""y"":223,""x"":27,""height"":95,""width"":96}","{""label"":""Glenlivet 15"",""y"":57,""x"":118,""height"":127,""width"":102}",,,,
20190225_203.jpg,"{""label"":""Glenlivet 18"",""y"":301,""x"":159,""height"":109,""width"":132}","{""label"":""Glenlivet 18"",""y"":105,""x"":252,""height"":118,""width"":156}",,,,
20190225_204.jpg,"{""label"":""Glenlivet 18"",""y"":161,""x"":243,""height"":238,""width"":315}","{""label"":""Glenlivet 18"",""y"":542,""x"":543,""height"":204,""width"":233}",,,,
20190225_205.jpg,"{""label"":""Glenlivet 18"",""y"":897,""x"":743,""height"":266,""width"":316}","{""label"":""Glenlivet 18"",""y"":877,""x"":264,""height"":246,""width"":262}",,,,
20190225_206.jpg,"{""label"":""Glenlivet 18"",""y"":466,""x"":425,""height"":186,""width"":168}","{""label"":""Glenlivet 18"",""y"":245,""x"":202,""height"":170,""width"":151}",,,,
20190225_207.jpg,"{""label"":""Glenlivet 18"",""y"":341,""x"":314,""height"":213,""width"":221}","{""label"":""Glenlivet 18"",""y"":572,""x"":539,""height"":184,""width"":211}",,,,
20190225_208.JPG,"{""label"":""Glenlivet 18"",""y"":224,""x"":178,""height"":111,""width"":136}",,,,,
20190225_209.jpg,"{""label"":""Glenlivet 18"",""y"":26,""x"":77,""height"":113,""width"":134}","{""label"":""Glenlivet 18"",""y"":100,""x"":8,""height"":46,""width"":59}",,,,
20190225_210.jpg,"{""label"":""Glenlivet 18"",""y"":308,""x"":325,""height"":231,""width"":211}","{""label"":""Glenlivet 18"",""y"":563,""x"":556,""height"":209,""width"":198}",,,,
20190225_211.jpg,"{""label"":""Glenlivet 18"",""y"":277,""x"":287,""height"":311,""width"":308}","{""label"":""Glenlivet 18"",""y"":768,""x"":470,""height"":341,""width"":393}",,,,
20190225_212.jpg,"{""label"":""Glenlivet 12"",""y"":1995,""x"":1064,""height"":802,""width"":882}",,,,,
20190225_213.jpg,"{""label"":""Glenlivet 18"",""y"":44,""x"":75,""height"":95,""width"":78}","{""label"":""Glenlivet 18"",""y"":173,""x"":159,""height"":56,""width"":68}",,,,
20190225_214.jpg,"{""label"":""Glenlivet 15"",""y"":402,""x"":80,""height"":175,""width"":193}","{""label"":""Glenlivet 15"",""y"":110,""x"":314,""height"":176,""width"":208}",,,,
20190225_215.jpg,"{""label"":""Glenlivet 18"",""y"":67,""x"":178,""height"":253,""width"":211}","{""label"":""Glenlivet 18"",""y"":431,""x"":409,""height"":185,""width"":201}",,,,
20190225_216.jpg,"{""label"":""Glenlivet 18"",""y"":288,""x"":220,""height"":135,""width"":154}","{""label"":""Glenlivet 18"",""y"":48,""x"":50,""height"":158,""width"":194}",,,,
20190225_217.jpg,"{""label"":""Glenlivet 18"",""y"":152,""x"":240,""height"":366,""width"":442}","{""label"":""Glenlivet 18"",""y"":723,""x"":723,""height"":335,""width"":393}",,,,
20190225_218.jpg,"{""label"":""Glenlivet 12"",""y"":1,""x"":128,""height"":486,""width"":717}",,,,,
20190225_219.jpg,"{""label"":""Glenlivet 18"",""y"":563,""x"":173,""height"":202,""width"":235}",,,,,
20190225_220.jpg,"{""label"":""Glenlivet 12"",""y"":159,""x"":18,""height"":320,""width"":246}","{""label"":""Glenlivet 12"",""y"":561,""x"":332,""height"":266,""width"":224}",,,,
20190225_221.png,"{""label"":""Glenlivet 12"",""y"":0,""x"":8,""height"":345,""width"":573}",,,,,
20190225_222.png,"{""label"":""Glenlivet 12"",""y"":116,""x"":304,""height"":230,""width"":265}","{""label"":""Glenlivet 12"",""y"":510,""x"":493,""height"":234,""width"":259}",,,,
20190225_223.jpg,"{""label"":""Glenlivet 12"",""y"":506,""x"":161,""height"":142,""width"":125}",,,,,
20190225_224.png,"{""label"":""Glenlivet 12"",""y"":472,""x"":142,""height"":226,""width"":242}",,,,,
20190225_225.jpg,"{""label"":""Glenlivet 18"",""y"":292,""x"":49,""height"":117,""width"":133}",,,,,
20190225_226.jpg,"{""label"":""Glenlivet 12"",""y"":575,""x"":482,""height"":211,""width"":250}",,,,,
20190225_227.jpg,"{""label"":""Glenlivet 12"",""y"":317,""x"":2,""height"":174,""width"":193}",,,,,
20190225_228.jpg,"{""label"":""Glenlivet 15"",""y"":636,""x"":727,""height"":708,""width"":409}","{""label"":""Glenlivet 15"",""y"":1572,""x"":896,""height"":530,""width"":568}",,,,
20190225_229.png,"{""label"":""Glenlivet 18"",""y"":554,""x"":117,""height"":216,""width"":238}",,,,,
20190225_230.jpg,"{""label"":""Glenlivet 12"",""y"":442,""x"":650,""height"":124,""width"":157}","{""label"":""Glenlivet 12"",""y"":170,""x"":851,""height"":165,""width"":177}",,,,
20190225_231.jpg,"{""label"":""Glenlivet 12"",""y"":14,""x"":14,""height"":863,""width"":1220}",,,,,
20190225_232.jpg,"{""label"":""Glenlivet 12"",""y"":157,""x"":89,""height"":58,""width"":62}",,,,,
20190225_233.jpg,"{""label"":""Glenlivet 12"",""y"":268,""x"":186,""height"":149,""width"":134}",,,,,
20190225_234.jpg,"{""label"":""Glenlivet 12"",""y"":71,""x"":1,""height"":136,""width"":162}","{""label"":""Glenlivet 12"",""y"":306,""x"":164,""height"":135,""width"":143}",,,,
20190225_235.JPG,"{""label"":""Glenlivet 12"",""y"":491,""x"":251,""height"":610,""width"":723}",,,,,
20190225_236.jpeg,"{""label"":""Glenlivet 12"",""y"":41,""x"":46,""height"":130,""width"":109}","{""label"":""Glenlivet 12"",""y"":195,""x"":143,""height"":124,""width"":114}",,,,
20190225_237.png,"{""label"":""Glenlivet 12"",""y"":29,""x"":37,""height"":55,""width"":62}","{""label"":""Glenlivet 12"",""y"":117,""x"":89,""height"":47,""width"":61}",,,,
20190225_238.jpg,"{""label"":""Glenlivet 12"",""y"":732,""x"":95,""height"":514,""width"":482}",,,,,
20190225_239.jpg,"{""label"":""Glenlivet 12"",""y"":141,""x"":1,""height"":77,""width"":75}",,,,,
20190225_240.jpg,"{""label"":""Glenlivet 15"",""y"":268,""x"":184,""height"":138,""width"":135}",,,,,
20190225_241.jpg,"{""label"":""Glenlivet 18"",""y"":281,""x"":184,""height"":112,""width"":132}",,,,,
20190225_242.jpg,"{""label"":""Glenlivet 18"",""y"":568,""x"":326,""height"":243,""width"":318}",,,,,
20190225_243.jpg,"{""label"":""Glenlivet 18"",""y"":212,""x"":177,""height"":85,""width"":95}",,,,,
20190225_244.JPG,"{""label"":""Glenlivet 15"",""y"":72,""x"":57,""height"":55,""width"":67}","{""label"":""Glenlivet 15"",""y"":162,""x"":106,""height"":59,""width"":64}",,,,
20190225_245.JPG,"{""label"":""Glenlivet 12"",""y"":64,""x"":55,""height"":62,""width"":74}","{""label"":""Glenlivet 12"",""y"":162,""x"":105,""height"":63,""width"":66}",,,,
20190225_246.jpg,"{""label"":""Glenlivet 12"",""y"":44,""x"":72,""height"":124,""width"":80}","{""label"":""Glenlivet 12"",""y"":197,""x"":137,""height"":92,""width"":89}",,,,
20190225_247.jpg,"{""label"":""Glenlivet 12"",""y"":31,""x"":11,""height"":67,""width"":72}","{""label"":""Glenlivet 12"",""y"":136,""x"":71,""height"":63,""width"":69}",,,,
20190225_248.jpg,"{""label"":""Glenlivet 12"",""y"":224,""x"":12,""height"":374,""width"":411}","{""label"":""Glenlivet 18"",""y"":217,""x"":1037,""height"":334,""width"":423}","{""label"":""Glenlivet 15"",""y"":225,""x"":523,""height"":383,""width"":416}",,,
20190225_249.jpg,"{""label"":""Glenlivet 12"",""y"":99,""x"":126,""height"":161,""width"":178}","{""label"":""Glenlivet 12"",""y"":362,""x"":272,""height"":156,""width"":167}",,,,
20190225_250.jpg,"{""label"":""Glenlivet 12"",""y"":266,""x"":100,""height"":105,""width"":195}","{""label"":""Glenlivet 12"",""y"":372,""x"":279,""height"":208,""width"":173}",,,,
20190225_251.jpg,"{""label"":""Glenlivet 12"",""y"":409,""x"":281,""height"":171,""width"":156}",,,,,
20190225_252.jpg,"{""label"":""Glenlivet 12"",""y"":740,""x"":481,""height"":150,""width"":279}",,,,,
20190225_253.jpg,"{""label"":""Glenlivet 15"",""y"":126,""x"":132,""height"":151,""width"":191}","{""label"":""Glenlivet 15"",""y"":383,""x"":283,""height"":138,""width"":197}",,,,
20190225_254.jpg,"{""label"":""Glenlivet 12"",""y"":204,""x"":189,""height"":264,""width"":312}","{""label"":""Glenlivet 12"",""y"":655,""x"":470,""height"":233,""width"":283}",,,,
20190225_255.jpg,"{""label"":""Glenlivet 15"",""y"":196,""x"":209,""height"":267,""width"":306}","{""label"":""Glenlivet 15"",""y"":628,""x"":466,""height"":248,""width"":288}",,,,
20190225_256.jpg,"{""label"":""Glenlivet 15"",""y"":627,""x"":298,""height"":253,""width"":293}",,,,,
20190225_257.jpg,"{""label"":""Glenlivet 18"",""y"":198,""x"":181,""height"":256,""width"":326}","{""label"":""Glenlivet 18"",""y"":617,""x"":484,""height"":270,""width"":293}",,,,
20190225_258.jpg,"{""label"":""Glenlivet 18"",""y"":364,""x"":239,""height"":275,""width"":261}","{""label"":""Glenlivet 18"",""y"":667,""x"":506,""height"":266,""width"":253}",,,,
20190225_259.jpg,"{""label"":""Glenlivet 12"",""y"":362,""x"":171,""height"":186,""width"":154}",,,,,
20190225_260.jpg,"{""label"":""Glenlivet 18"",""y"":19,""x"":15,""height"":262,""width"":302}",,,,,
20190225_261.jpg,"{""label"":""Glenlivet 18"",""y"":178,""x"":390,""height"":82,""width"":89}","{""label"":""Glenlivet 18"",""y"":48,""x"":305,""height"":84,""width"":102}","{""label"":""Glenlivet 18"",""y"":262,""x"":147,""height"":39,""width"":43}","{""label"":""Glenlivet 15"",""y"":264,""x"":64,""height"":42,""width"":41}","{""label"":""Glenlivet 12"",""y"":262,""x"":24,""height"":43,""width"":42}",
20190225_262.jpg,"{""label"":""Glenlivet 12"",""y"":123,""x"":216,""height"":323,""width"":480}",,,,,
20190225_263.jpg,"{""label"":""Glenlivet 15"",""y"":70,""x"":118,""height"":121,""width"":156}","{""label"":""Glenlivet 15"",""y"":274,""x"":280,""height"":125,""width"":136}",,,,
20190225_264.jpg,"{""label"":""Glenlivet 15"",""y"":78,""x"":277,""height"":179,""width"":247}","{""label"":""Glenlivet 15"",""y"":384,""x"":116,""height"":159,""width"":204}",,,,
20190225_265.jpg,"{""label"":""Glenlivet 12"",""y"":280,""x"":239,""height"":195,""width"":182}",,,,,
20190225_266.jpg,"{""label"":""Glenlivet 12"",""y"":470,""x"":380,""height"":261,""width"":230}",,,,,
20190225_267.JPG,"{""label"":""Glenlivet 12"",""y"":659,""x"":372,""height"":277,""width"":309}","{""label"":""Glenlivet 12"",""y"":252,""x"":271,""height"":258,""width"":254}",,,,
20190225_268.jpg,"{""label"":""Glenlivet 12"",""y"":524,""x"":309,""height"":271,""width"":219}","{""label"":""Glenlivet 12"",""y"":307,""x"":504,""height"":153,""width"":233}",,,,
20190225_269.JPG,"{""label"":""Glenlivet 15"",""y"":585,""x"":286,""height"":280,""width"":284}","{""label"":""Glenlivet 15"",""y"":133,""x"":529,""height"":346,""width"":284}",,,,
20190225_270.jpg,"{""label"":""Glenlivet 12"",""y"":382,""x"":326,""height"":316,""width"":302}","{""label"":""Glenlivet 12"",""y"":613,""x"":19,""height"":304,""width"":273}",,,,
20190225_271.jpeg,"{""label"":""Glenlivet 12"",""y"":244,""x"":74,""height"":421,""width"":340}","{""label"":""Glenlivet 12"",""y"":696,""x"":396,""height"":320,""width"":285}",,,,
20190225_272.jpg,"{""label"":""Glenlivet 15"",""y"":334,""x"":2,""height"":244,""width"":234}",,,,,
20190225_273.jpg,"{""label"":""Glenlivet 12"",""y"":152,""x"":46,""height"":96,""width"":87}",,,,,
20190225_274.jpg,"{""label"":""Glenlivet 12"",""y"":282,""x"":234,""height"":134,""width"":151}",,,,,
20190225_275.png,"{""label"":""Glenlivet 18"",""y"":436,""x"":37,""height"":214,""width"":254}",,,,,
20190225_276.jpg,"{""label"":""Glenlivet 12"",""y"":91,""x"":357,""height"":346,""width"":236}","{""label"":""Glenlivet 12"",""y"":470,""x"":95,""height"":260,""width"":250}",,,,
20190225_277.jpg,"{""label"":""Glenlivet 18"",""y"":450,""x"":125,""height"":178,""width"":206}","{""label"":""Glenlivet 18"",""y"":146,""x"":303,""height"":204,""width"":266}",,,,
20190225_278.jpg,"{""label"":""Glenlivet 12"",""y"":166,""x"":180,""height"":178,""width"":207}","{""label"":""Glenlivet 12"",""y"":468,""x"":342,""height"":186,""width"":213}",,,,
20190225_279.jpg,"{""label"":""Glenlivet 18"",""y"":324,""x"":641,""height"":167,""width"":238}",,,,,
20190225_280.jpg,"{""label"":""Glenlivet 12"",""y"":343,""x"":993,""height"":183,""width"":192}",,,,,
20190225_281.jpg,"{""label"":""Glenlivet 12"",""y"":254,""x"":289,""height"":266,""width"":243}","{""label"":""Glenlivet 12"",""y"":198,""x"":28,""height"":126,""width"":153}","{""label"":""Glenlivet 12"",""y"":314,""x"":216,""height"":91,""width"":84}",,,
20190225_282.jpg,"{""label"":""Glenlivet 12"",""y"":418,""x"":187,""height"":144,""width"":156}","{""label"":""Glenlivet 12"",""y"":238,""x"":97,""height"":125,""width"":137}",,,,
20190225_283.jpg,"{""label"":""Glenlivet 12"",""y"":19,""x"":241,""height"":225,""width"":330}","{""label"":""Glenlivet 12"",""y"":201,""x"":566,""height"":262,""width"":347}",,,,
20190225_284.jpg,"{""label"":""Glenlivet 18"",""y"":588,""x"":276,""height"":336,""width"":361}",,,,,
20190225_285.jpg,"{""label"":""Glenlivet 15"",""y"":102,""x"":301,""height"":236,""width"":277}","{""label"":""Glenlivet 15"",""y"":471,""x"":109,""height"":262,""width"":277}",,,,
20190225_286.jpg,"{""label"":""Glenlivet 18"",""y"":457,""x"":99,""height"":253,""width"":275}","{""label"":""Glenlivet 18"",""y"":100,""x"":289,""height"":237,""width"":305}",,,,
20190225_287.jpg,"{""label"":""Glenlivet 18"",""y"":575,""x"":11,""height"":851,""width"":960}",,,,,
20190225_288.JPG,"{""label"":""Glenlivet 12"",""y"":727,""x"":71,""height"":377,""width"":383}","{""label"":""Glenlivet 15"",""y"":725,""x"":468,""height"":340,""width"":339}",,,,
20190225_289.png,"{""label"":""Glenlivet 15"",""y"":375,""x"":135,""height"":160,""width"":171}","{""label"":""Glenlivet 15"",""y"":99,""x"":328,""height"":170,""width"":190}",,,,
20190225_290.jpg,"{""label"":""Glenlivet 12"",""y"":311,""x"":472,""height"":193,""width"":245}","{""label"":""Glenlivet 12"",""y"":526,""x"":303,""height"":316,""width"":226}",,,,
20190225_291.jpg,"{""label"":""Glenlivet 12"",""y"":387,""x"":519,""height"":508,""width"":560}","{""label"":""Glenlivet 12"",""y"":1180,""x"":120,""height"":561,""width"":601}",,,,
20190225_292.jpg,"{""label"":""Glenlivet 15"",""y"":346,""x"":469,""height"":462,""width"":531}","{""label"":""Glenlivet 15"",""y"":1148,""x"":115,""height"":532,""width"":563}",,,,
20190225_293.jpg,"{""label"":""Glenlivet 18"",""y"":1152,""x"":140,""height"":485,""width"":559}","{""label"":""Glenlivet 18"",""y"":355,""x"":519,""height"":458,""width"":603}",,,,
20190225_294.png,"{""label"":""Glenlivet 12"",""y"":470,""x"":228,""height"":201,""width"":196}","{""label"":""Glenlivet 18"",""y"":481,""x"":678,""height"":146,""width"":188}","{""label"":""Glenlivet 15"",""y"":477,""x"":447,""height"":219,""width"":199}",,,
20190225_295.png,"{""label"":""Glenlivet 12"",""y"":529,""x"":644,""height"":201,""width"":219}",,,,,
20190225_296.png,"{""label"":""Glenlivet 15"",""y"":260,""x"":45,""height"":126,""width"":143}",,,,,
20190225_297.jpg,"{""label"":""Glenlivet 12"",""y"":59,""x"":166,""height"":205,""width"":145}","{""label"":""Glenlivet 12"",""y"":310,""x"":283,""height"":176,""width"":149}",,,,
20190225_298.jpg,"{""label"":""Glenlivet 18"",""y"":193,""x"":241,""height"":330,""width"":358}",,,,,
20190225_299.JPG,"{""label"":""Glenlivet 18"",""y"":348,""x"":805,""height"":803,""width"":601}","{""label"":""Glenlivet 18"",""y"":1369,""x"":1286,""height"":603,""width"":643}",,,,
20190225_300.jpg,"{""label"":""Glenlivet 12"",""y"":736,""x"":307,""height"":408,""width"":452}","{""label"":""Glenlivet 12"",""y"":964,""x"":742,""height"":521,""width"":410}",,,,
20190225_301.JPG,"{""label"":""Glenlivet 12"",""y"":756,""x"":759,""height"":888,""width"":541}","{""label"":""Glenlivet 12"",""y"":1258,""x"":1265,""height"":759,""width"":572}",,,,
20190225_302.jpg,"{""label"":""Glenlivet 15"",""y"":1107,""x"":792,""height"":517,""width"":456}",,,,,
20190225_303.jpg,"{""label"":""Glenlivet 12"",""y"":286,""x"":350,""height"":583,""width"":455}","{""label"":""Glenlivet 12"",""y"":1003,""x"":712,""height"":524,""width"":453}",,,,
20190225_304.jpg,"{""label"":""Glenlivet 15"",""y"":107,""x"":19,""height"":126,""width"":135}","{""label"":""Glenlivet 15"",""y"":313,""x"":176,""height"":118,""width"":132}",,,,
20190225_305.jpg,"{""label"":""Glenlivet 18"",""y"":1193,""x"":203,""height"":548,""width"":613}",,,,,
20190225_306.jpg,"{""label"":""Glenlivet 12"",""y"":288,""x"":45,""height"":148,""width"":136}",,,,,
20190225_307.jpg,"{""label"":""Glenlivet 12"",""y"":968,""x"":779,""height"":587,""width"":580}","{""label"":""Glenlivet 12"",""y"":240,""x"":1313,""height"":487,""width"":543}",,,,
20190225_308.jpg,"{""label"":""Glenlivet 12"",""y"":137,""x"":48,""height"":264,""width"":280}","{""label"":""Glenlivet 12"",""y"":580,""x"":227,""height"":250,""width"":265}",,,,
20190225_309.jpg,"{""label"":""Glenlivet 15"",""y"":144,""x"":23,""height"":280,""width"":323}","{""label"":""Glenlivet 15"",""y"":567,""x"":212,""height"":248,""width"":284}",,,,
20190225_310.jpg,"{""label"":""Glenlivet 18"",""y"":515,""x"":262,""height"":266,""width"":293}","{""label"":""Glenlivet 18"",""y"":114,""x"":8,""height"":269,""width"":350}",,,,
20190225_311.jpg,"{""label"":""Glenlivet 12"",""y"":336,""x"":146,""height"":157,""width"":209}",,,,,
20190225_312.jpg,"{""label"":""Glenlivet 12"",""y"":334,""x"":177,""height"":125,""width"":144}",,,,,
20190225_313.jpg,"{""label"":""Glenlivet 18"",""y"":86,""x"":217,""height"":172,""width"":199}","{""label"":""Glenlivet 18"",""y"":348,""x"":47,""height"":130,""width"":174}",,,,
20190225_314.jpg,"{""label"":""Glenlivet 18"",""y"":187,""x"":101,""height"":88,""width"":92}",,,,,
20190225_315.JPG,"{""label"":""Glenlivet 18"",""y"":138,""x"":356,""height"":318,""width"":382}","{""label"":""Glenlivet 18"",""y"":610,""x"":61,""height"":296,""width"":339}",,,,
20190225_316.jpg,"{""label"":""Glenlivet 12"",""y"":509,""x"":270,""height"":219,""width"":259}","{""label"":""Glenlivet 12"",""y"":117,""x"":443,""height"":239,""width"":268}",,,,
20190225_317.jpg,"{""label"":""Glenlivet 12"",""y"":136,""x"":158,""height"":68,""width"":66}",,,,,
20190225_318.jpg,"{""label"":""Glenlivet 12"",""y"":328,""x"":18,""height"":200,""width"":166}",,,,,
20190225_319.jpg,"{""label"":""Glenlivet 12"",""y"":190,""x"":25,""height"":98,""width"":88}","{""label"":""Glenlivet 12"",""y"":76,""x"":112,""height"":97,""width"":98}",,,,
20190225_320.jpg,"{""label"":""Glenlivet 12"",""y"":80,""x"":51,""height"":109,""width"":124}","{""label"":""Glenlivet 12"",""y"":77,""x"":216,""height"":115,""width"":119}",,,,
20190225_321.jpg,"{""label"":""Glenlivet 12"",""y"":415,""x"":12,""height"":292,""width"":300}",,,,,
20190225_322.jpg,"{""label"":""Glenlivet 12"",""y"":514,""x"":273,""height"":214,""width"":247}","{""label"":""Glenlivet 12"",""y"":143,""x"":484,""height"":233,""width"":278}",,,,
20190225_323.JPG,"{""label"":""Glenlivet 12"",""y"":230,""x"":183,""height"":113,""width"":128}",,,,,
20190225_324.jpg,"{""label"":""Glenlivet 12"",""y"":339,""x"":43,""height"":137,""width"":151}","{""label"":""Glenlivet 12"",""y"":117,""x"":201,""height"":143,""width"":167}",,,,
20190225_325.jpg,"{""label"":""Glenlivet 12"",""y"":11,""x"":2,""height"":189,""width"":165}",,,,,
20190225_326.jpg,"{""label"":""Glenlivet 12"",""y"":218,""x"":39,""height"":107,""width"":101}","{""label"":""Glenlivet 12"",""y"":71,""x"":178,""height"":227,""width"":203}",,,,
20190225_327.jpg,"{""label"":""Glenlivet 12"",""y"":269,""x"":47,""height"":152,""width"":131}",,,,,
20190225_328.jpg,"{""label"":""Glenlivet 12"",""y"":621,""x"":17,""height"":262,""width"":275}",,,,,
20190225_329.jpg,"{""label"":""Glenlivet 12"",""y"":108,""x"":64,""height"":80,""width"":91}","{""label"":""Glenlivet 12"",""y"":236,""x"":115,""height"":105,""width"":113}",,,,
20190225_330.jpg,"{""label"":""Glenlivet 12"",""y"":496,""x"":349,""height"":240,""width"":251}","{""label"":""Glenlivet 12"",""y"":118,""x"":507,""height"":259,""width"":267}","{""label"":""Glenlivet 12"",""y"":164,""x"":209,""height"":200,""width"":242}",,,
20190225_331.png,"{""label"":""Glenlivet 12"",""y"":284,""x"":225,""height"":141,""width"":144}",,,,,
20190225_332.jpg,"{""label"":""Glenlivet 12"",""y"":208,""x"":616,""height"":1051,""width"":1139}",,,,,
20190225_333.jpg,"{""label"":""Glenlivet 12"",""y"":265,""x"":303,""height"":211,""width"":196}",,,,,
20190225_334.jpg,"{""label"":""Glenlivet 12"",""y"":85,""x"":178,""height"":219,""width"":232}","{""label"":""Glenlivet 12"",""y"":387,""x"":407,""height"":213,""width"":210}",,,,
20190225_335.jpg,"{""label"":""Glenlivet 12"",""y"":524,""x"":210,""height"":216,""width"":268}","{""label"":""Glenlivet 12"",""y"":140,""x"":401,""height"":233,""width"":239}",,,,
20190225_336.jpg,"{""label"":""Glenlivet 12"",""y"":28,""x"":230,""height"":303,""width"":356}",,,,,
20190225_337.jpeg,"{""label"":""Glenlivet 18"",""y"":606,""x"":116,""height"":998,""width"":1269}",,,,,
20190225_338.png,"{""label"":""Glenlivet 15"",""y"":76,""x"":125,""height"":129,""width"":160}",,,,,
20190225_339.jpg,"{""label"":""Glenlivet 15"",""y"":452,""x"":347,""height"":287,""width"":307}",,,,,
20190225_340.jpg,"{""label"":""Glenlivet 15"",""y"":79,""x"":133,""height"":137,""width"":128}","{""label"":""Glenlivet 15"",""y"":302,""x"":228,""height"":137,""width"":156}",,,,
20190225_341.jpg,"{""label"":""Glenlivet 15"",""y"":238,""x"":43,""height"":104,""width"":113}",,,,,
20190225_342.jpg,"{""label"":""Glenlivet 15"",""y"":135,""x"":125,""height"":172,""width"":201}","{""label"":""Glenlivet 15"",""y"":412,""x"":376,""height"":167,""width"":169}",,,,
20190225_343.jpg,"{""label"":""Glenlivet 18"",""y"":262,""x"":81,""height"":105,""width"":115}",,,,,
20190225_344.png,"{""label"":""Glenlivet 18"",""y"":251,""x"":111,""height"":100,""width"":104}","{""label"":""Glenlivet 18"",""y"":54,""x"":234,""height"":141,""width"":108}",,,,
20190225_345.jpg,"{""label"":""Glenlivet 18"",""y"":220,""x"":44,""height"":90,""width"":104}",,,,,
20190225_346.jpg,"{""label"":""Glenlivet 18"",""y"":299,""x"":242,""height"":123,""width"":140}","{""label"":""Glenlivet 18"",""y"":69,""x"":115,""height"":155,""width"":167}",,,,
20190225_347.jpg,"{""label"":""Glenlivet 18"",""y"":179,""x"":24,""height"":72,""width"":55}",,,,,
20190225_348.jpg,"{""label"":""Glenlivet 12"",""y"":1534,""x"":823,""height"":752,""width"":868}",,,,,
20190225_349.jpg,"{""label"":""Glenlivet 12"",""y"":288,""x"":28,""height"":146,""width"":154}",,,,,
20190225_350.jpg,"{""label"":""Glenlivet 15"",""y"":650,""x"":3,""height"":280,""width"":301}","{""label"":""Glenlivet 15"",""y"":165,""x"":258,""height"":279,""width"":339}",,,,
20190225_351.jpg,"{""label"":""Glenlivet 12"",""y"":75,""x"":9,""height"":38,""width"":43}","{""label"":""Glenlivet 18"",""y"":73,""x"":115,""height"":37,""width"":41}","{""label"":""Glenlivet 15"",""y"":73,""x"":61,""height"":43,""width"":42}",,,
20190225_352.jpg,"{""label"":""Glenlivet 12"",""y"":37,""x"":19,""height"":72,""width"":80}",,,,,
20190225_353.jpg,"{""label"":""Glenlivet 15"",""y"":148,""x"":70,""height"":97,""width"":89}",,,,,
20190225_354.jpg,"{""label"":""Glenlivet 12"",""y"":185,""x"":56,""height"":75,""width"":128}","{""label"":""Glenlivet 12"",""y"":247,""x"":170,""height"":144,""width"":135}",,,,
20190225_355.jpg,"{""label"":""Glenlivet 15"",""y"":612,""x"":107,""height"":222,""width"":241}","{""label"":""Glenlivet 15"",""y"":194,""x"":377,""height"":224,""width"":272}",,,,
20190225_356.jpg,"{""label"":""Glenlivet 12"",""y"":646,""x"":232,""height"":245,""width"":183}",,,,,
20190225_357.jpg,"{""label"":""Glenlivet 12"",""y"":306,""x"":137,""height"":379,""width"":417}","{""label"":""Glenlivet 12"",""y"":934,""x"":400,""height"":342,""width"":408}",,,,
20190225_358.jpg,"{""label"":""Glenlivet 12"",""y"":215,""x"":107,""height"":105,""width"":114}","{""label"":""Glenlivet 12"",""y"":78,""x"":200,""height"":103,""width"":121}",,,,
20190225_359.jpg,"{""label"":""Glenlivet 12"",""y"":247,""x"":187,""height"":99,""width"":85}",,,,,
20190225_360.jpg,"{""label"":""Glenlivet 15"",""y"":292,""x"":112,""height"":103,""width"":107}",,,,,
20190225_361.JPG,"{""label"":""Glenlivet 12"",""y"":1384,""x"":661,""height"":738,""width"":698}",,,,,
20190225_362.jpg,"{""label"":""Glenlivet 12"",""y"":1481,""x"":1454,""height"":948,""width"":929}",,,,,
20190225_363.jpg,"{""label"":""Glenlivet 12"",""y"":178,""x"":369,""height"":312,""width"":335}",,,,,
20190225_364.jpg,"{""label"":""Glenlivet 18"",""y"":378,""x"":1426,""height"":858,""width"":1160}","{""label"":""Glenlivet 18"",""y"":1803,""x"":598,""height"":771,""width"":869}",,,,
20190225_365.jpg,"{""label"":""Glenlivet 12"",""y"":1436,""x"":2156,""height"":667,""width"":663}","{""label"":""Glenlivet 12"",""y"":441,""x"":796,""height"":674,""width"":763}",,,,
20190225_366.jpg,"{""label"":""Glenlivet 15"",""y"":1683,""x"":1506,""height"":700,""width"":690}","{""label"":""Glenlivet 12"",""y"":1591,""x"":734,""height"":631,""width"":700}",,,,
20190225_367.jpg,"{""label"":""Glenlivet 12"",""y"":2065,""x"":1483,""height"":954,""width"":1061}",,,,,
